codigo,grupo,categoria,area,numero,texto,nivel
"AP1.1.1,G1 Principios,C1.1 Principios,Principios relacionados con los datos,1,""Se lleva a cabo un proceso para definir y aplicar los Principios que guían la conducta, el comportamiento y la filosofía de la empresa respecto al uso, gestión y gobierno de los datos."",1"
"AP1.1.1,G1 Principios,C1.1 Principios,Principios relacionados con los datos,2,""Existe un proceso para la definición de Principios, pero no está integrado en la organización. Se circunscribe sólo a áreas específicas de la empresa."",2"
"AP1.1.1,G1 Principios,C1.1 Principios,Principios relacionados con los datos,3,""El proceso de definición de los Principios pertenece al conjunto de procesos estándar de la empresa. Los principios se enfocan hacia una arquitectura centrada en el dato. Cada principio está alineado y contribuye a soportar las metas y objetivos de la GD y la gestión de datos."",3"
"AP1.1.1,G1 Principios,C1.1 Principios,Principios relacionados con los datos,4,""Se han establecido métricas para la monitorización de este proceso."",4"
"AP1.1.1,G1 Principios,C1.1 Principios,Principios relacionados con los datos,5,""Se comprueba que se aplican los principios y su eficacia, se analizan las métricas y se establecen pautas de mejora de los principios y del proceso en sí mismo."",5"
"AP1.1.1,G1 Principios,C1.1 Principios,Principios relacionados con los datos,6,""Los procesos relacionados con esta área se analizan, refinan y mejoran constantemente."",5"

"AP2.1.1,G2 Gobernanza,C2.1 Alineamiento estratégico,Metas, objetivos y estrategias de la GD,1,""Se definen objetivos en proyectos aislados."",1"
"AP2.1.1,G2 Gobernanza,C2.1 Alineamiento estratégico,Metas, objetivos y estrategias de la GD,2,""Se definen objetivos y se aprueban mediante un proceso que se circunscribe sólo a áreas específicas de la empresa o unidades de negocio, o proyectos transversales, no está integrado en la organización."",2"
"AP2.1.1,G2 Gobernanza,C2.1 Alineamiento estratégico,Metas, objetivos y estrategias de la GD,3,""Los objetivos están alineados con los objetivos de la unidad de negocio o del proyecto."",2"
"AP2.1.1,G2 Gobernanza,C2.1 Alineamiento estratégico,Metas, objetivos y estrategias de la GD,4,""La unidad de negocios (o proyecto transversal) ha desarrollado un plan de GD que generalmente incluye hitos clave (por ejemplo, proyectos componentes), actividades principales, dependencias, recursos e identificación de las partes interesadas."",2"
"AP2.1.1,G2 Gobernanza,C2.1 Alineamiento estratégico,Metas, objetivos y estrategias de la GD,5,""Se utilizan métricas para evaluar el logro de los objetivos."",2"

"AP2.1.2,G2 Gobernanza,C2.1 Alineamiento estratégico,Necesidades de información,1,""Solo se establecen las necesidades de información en proyectos aislados."",1"
"AP2.1.2,G2 Gobernanza,C2.1 Alineamiento estratégico,Necesidades de información,2,""Se establecen las necesidades de información y el ámbito de la GD mediante un proceso que no está integrado en la organización; se circunscribe sólo a áreas específicas de la empresa o unidades de negocio, o proyectos transversales."",2"
"AP2.1.2,G2 Gobernanza,C2.1 Alineamiento estratégico,Necesidades de información,3,""Existe un proceso para determinar las necesidades de información y el ámbito de la GD, integrado en el conjunto de procesos estándar de la empresa."",3"
"AP2.1.2,G2 Gobernanza,C2.1 Alineamiento estratégico,Necesidades de información,4,""Se han analizado y documentado las necesidades de información y el ámbito de la GD, e incorporan al proceso de planificación de la GD; se actualizan según un proceso estándar definido por la empresa."",3"
"AP2.1.2,G2 Gobernanza,C2.1 Alineamiento estratégico,Necesidades de información,5,""Las necesidades de información y el ámbito de la GD están alineados con los objetivos de la organización."",3"
"AP2.1.2,G2 Gobernanza,C2.1 Alineamiento estratégico,Necesidades de información,6,""Se utilizan técnicas estadísticas y otras técnicas cuantitativas para verificar que la información necesaria está disponible y contribuye al logro de objetivos de GD y de la organización."",4"
"AP2.1.2,G2 Gobernanza,C2.1 Alineamiento estratégico,Necesidades de información,7,""Se actúa sobre el proceso como consecuencia de los análisis anteriores."",4"
"AP2.1.2,G2 Gobernanza,C2.1 Alineamiento estratégico,Necesidades de información,8,""La organización analiza y adopta las mejores prácticas para establecer las necesidades de información."",5"
"AP2.1.2,G2 Gobernanza,C2.1 Alineamiento estratégico,Necesidades de información,9,""Los procesos relacionados con esta área se analizan, refinan y mejoran constantemente."",5"

"AP2.2.1,G2 Gobernanza,C2.2 Organización,Órganos y actores de GD,1,""Se definen órganos de gobierno y actores en proyectos aislados."",1"
"AP2.2.1,G2 Gobernanza,C2.2 Organización,Órganos y actores de GD,2,""Se establece una estructura de gobierno de datos mediante un proceso que se circunscribe sólo a áreas específicas de la empresa o unidades de negocio, o proyectos transversales."",2"
"AP2.2.1,G2 Gobernanza,C2.2 Organización,Órganos y actores de GD,3,""Existe un proceso para definir los órganos de gobierno y actores de la GD, integrado en el conjunto de procesos estándar de la empresa."",3"
"AP2.2.1,G2 Gobernanza,C2.2 Organización,Órganos y actores de GD,4,""El proceso implica a toda la organización."",3"
"AP2.2.1,G2 Gobernanza,C2.2 Organización,Órganos y actores de GD,5,""Se establece una estructura de gobierno de datos en toda la organización y un plan de implementación con respaldo ejecutivo."",3"
"AP2.2.1,G2 Gobernanza,C2.2 Organización,Órganos y actores de GD,6,""Los órganos de gobierno y actores se han documentado y aprobado por el órgano competente."",3"
"AP2.2.1,G2 Gobernanza,C2.2 Organización,Órganos y actores de GD,7,""En la definición de los órganos de gobierno y actores de la GD se ha implicado tanto a la parte de negocio como a la de tecnología."",3"
"AP2.2.1,G2 Gobernanza,C2.2 Organización,Órganos y actores de GD,8,""En la definición de los órganos de gobierno y actores de la GD se han tenido en cuenta los distintos niveles de Integración Vertical y Horizontal de la I4.0."",3"
"AP2.2.1,G2 Gobernanza,C2.2 Organización,Órganos y actores de GD,9,""Se supervisa y controla la actividad de los órganos de gobierno y actores."",3"
"AP2.2.1,G2 Gobernanza,C2.2 Organización,Órganos y actores de GD,10,""Se utilizan técnicas estadísticas y otras técnicas cuantitativas para evaluar la eficacia de los órganos de gobierno y actores de la GD."",4"
"AP2.2.1,G2 Gobernanza,C2.2 Organización,Órganos y actores de GD,11,""Se actúa sobre el proceso en consecuencia."",4"
"AP2.2.1,G2 Gobernanza,C2.2 Organización,Órganos y actores de GD,12,""La organización explora nuevas formas de gobierno y definición de actores de la GD."",4"
"AP2.2.1,G2 Gobernanza,C2.2 Organización,Órganos y actores de GD,13,""La organización analiza y adopta las mejores prácticas del sector para la definición de la estructura de GD."",5"
"AP2.2.1,G2 Gobernanza,C2.2 Organización,Órganos y actores de GD,14,""Los procesos relacionados con esta área se analizan, refinan y mejoran constantemente."",5"

"AP2.2.2,G2 Gobernanza,C2.2 Organización,Modelo organizativo de la GD,1,""Se define un modelo organizativo solo en proyectos aislados."",1"
"AP2.2.2,G2 Gobernanza,C2.2 Organización,Modelo organizativo de la GD,2,""Se establece un modelo organizativo de la GD mediante un proceso que se circunscribe solo a áreas específicas de la empresa o unidades de negocio, o proyectos transversales."",2"
"AP2.2.2,G2 Gobernanza,C2.2 Organización,Modelo organizativo de la GD,3,""Existe un proceso para definir la estructura organizativa de la GD, integrado en el conjunto de procesos estándar de la empresa."",3"
"AP2.2.2,G2 Gobernanza,C2.2 Organización,Modelo organizativo de la GD,4,""El proceso implica a toda la organización."",3"
"AP2.2.2,G2 Gobernanza,C2.2 Organización,Modelo organizativo de la GD,5,""El modelo organizativo se ha documentado y ha sido aprobado por el órgano competente."",3"
"AP2.2.2,G2 Gobernanza,C2.2 Organización,Modelo organizativo de la GD,6,""Los órganos de gobierno y actores se han incluido y documentado en el plan de GD."",3"
"AP2.2.2,G2 Gobernanza,C2.2 Organización,Modelo organizativo de la GD,7,""En la definición del modelo organizativo de la GD se ha implicado tanto a la parte de negocio como a la de tecnología."",3"
"AP2.2.2,G2 Gobernanza,C2.2 Organización,Modelo organizativo de la GD,8,""En la definición del modelo organizativo de la GD se han tenido en cuenta los distintos niveles de Integración Vertical y Horizontal de la I4.0."",3"
"AP2.2.2,G2 Gobernanza,C2.2 Organización,Modelo organizativo de la GD,9,""Se han firmado contratos con las partes implicadas fuera de la organización para la aplicación del programa de GD."",3"
"AP2.2.2,G2 Gobernanza,C2.2 Organización,Modelo organizativo de la GD,10,""Se supervisa y controla la implantación del modelo."",3"
"AP2.2.2,G2 Gobernanza,C2.2 Organización,Modelo organizativo de la GD,11,""Se utilizan técnicas estadísticas y otras técnicas cuantitativas para evaluar la eficacia del modelo implantado."",4"
"AP2.2.2,G2 Gobernanza,C2.2 Organización,Modelo organizativo de la GD,12,""Se actúa sobre el proceso en consecuencia."",4"
"AP2.2.2,G2 Gobernanza,C2.2 Organización,Modelo organizativo de la GD,13,""La organización explora nuevos modelos organizativos para la GD."",4"
"AP2.2.2,G2 Gobernanza,C2.2 Organización,Modelo organizativo de la GD,14,""La empresa analiza y adopta las mejores prácticas del sector para la definición de la organización de GD."",5"
"AP2.2.2,G2 Gobernanza,C2.2 Organización,Modelo organizativo de la GD,15,""Los procesos relacionados con esta área se analizan, refinan y mejoran constantemente."",5"

"AP2.3.1,G2 Gobernanza,C2.3 Gobierno y stewardship,Roles, responsabilidades y derechos de decisión,1,""Se definen roles y se asignan responsabilidades, autoridad y derechos de decisión de la GD en proyectos aislados."",1"
"AP2.3.1,G2 Gobernanza,C2.3 Gobierno y stewardship,Roles, responsabilidades y derechos de decisión,2,""Se definen roles y se asignan responsabilidades, autoridad y derechos de decisión sobre ciertas áreas de datos, mediante un proceso que se circunscribe sólo a áreas específicas de la empresa o unidades de negocio, o proyectos transversales."",2"
"AP2.3.1,G2 Gobernanza,C2.3 Gobierno y stewardship,Roles, responsabilidades y derechos de decisión,3,""Se han establecido las responsabilidades, autoridad y derechos de decisión para las actividades que son objeto de la GD y en los aspectos específicos de los datos (calidad, seguridad, metadatos)."",2"
"AP2.3.1,G2 Gobernanza,C2.3 Gobierno y stewardship,Roles, responsabilidades y derechos de decisión,4,""Existe un proceso para asignar responsabilidades, autoridad y derechos de decisión sobre los datos, integrado en el conjunto de procesos estándar de la empresa."",3"
"AP2.3.1,G2 Gobernanza,C2.3 Gobierno y stewardship,Roles, responsabilidades y derechos de decisión,5,""El proceso implica a toda la organización."",3"
"AP2.3.1,G2 Gobernanza,C2.3 Gobierno y stewardship,Roles, responsabilidades y derechos de decisión,6,""Las responsabilidades, autoridad y derechos de decisión se han documentado y han sido aprobados por el órgano competente."",3"
"AP2.3.1,G2 Gobernanza,C2.3 Gobierno y stewardship,Roles, responsabilidades y derechos de decisión,7,""En la definición de las responsabilidades, autoridad y derechos de decisión se ha implicado tanto a la parte de negocio como a la de tecnología."",3"
"AP2.3.1,G2 Gobernanza,C2.3 Gobierno y stewardship,Roles, responsabilidades y derechos de decisión,8,""En la definición de las responsabilidades, autoridad y derechos de decisión se han tenido en cuenta los distintos niveles de Integración Vertical y Horizontal de la I4.0."",3"
"AP2.3.1,G2 Gobernanza,C2.3 Gobierno y stewardship,Roles, responsabilidades y derechos de decisión,9,""Se extienden responsabilidades, autoridad y derechos de decisión en función de modelos Agile, DataOps y DataGovOps."",3"
"AP2.3.1,G2 Gobernanza,C2.3 Gobierno y stewardship,Roles, responsabilidades y derechos de decisión,10,""Se supervisa y controla el proceso de definición de las responsabilidades, autoridad y derechos de decisión."",3"
"AP2.3.1,G2 Gobernanza,C2.3 Gobierno y stewardship,Roles, responsabilidades y derechos de decisión,11,""Se utilizan técnicas estadísticas y otras técnicas cuantitativas para evaluar la idoneidad de la definición de las responsabilidades, autoridad y derechos de decisión."",4"
"AP2.3.1,G2 Gobernanza,C2.3 Gobierno y stewardship,Roles, responsabilidades y derechos de decisión,12,""Se actúa sobre el proceso en consecuencia."",4"
"AP2.3.1,G2 Gobernanza,C2.3 Gobierno y stewardship,Roles, responsabilidades y derechos de decisión,13,""La organización explora nuevas formas de definición de responsabilidades, autoridad y derechos de decisión."",4"
"AP2.3.1,G2 Gobernanza,C2.3 Gobierno y stewardship,Roles, responsabilidades y derechos de decisión,14,""Se han definido perfiles asociados a los roles, que tienen en cuenta los posibles cambios normativos y tecnológicos que puedan producirse en el futuro."",5"
"AP2.3.1,G2 Gobernanza,C2.3 Gobierno y stewardship,Roles, responsabilidades y derechos de decisión,15,""La organización analiza y adopta las mejores prácticas del sector para la definición de responsabilidades, autoridad y derechos de decisión en la GD."",5"
"AP2.3.1,G2 Gobernanza,C2.3 Gobierno y stewardship,Roles, responsabilidades y derechos de decisión,16,""Los procesos relacionados con esta área se analizan, refinan y mejoran constantemente."",5"

"AP2.3.2,G2 Gobernanza,C2.3 Gobierno y stewardship,Función de gobernanza,1,""Se ha definido un modelo de gobierno basado en las funciones de Evaluar, Dirigir y Controlar. También se ha establecido el ámbito de la GD, es decir, las actividades y aspectos de los datos (calidad, seguridad, etc.) a gobernar. El modelo de GD se aplica al menos en un proyecto o proyectos aislados."",1"
"AP2.3.2,G2 Gobernanza,C2.3 Gobierno y stewardship,Función de gobernanza,2,""Las actividades y aspectos de los datos (calidad, seguridad, etc.) a gobernar, se definen a nivel de proyecto. No se han implantado soluciones para automatizar el gobierno y la gestión de datos."",1"
"AP2.3.2,G2 Gobernanza,C2.3 Gobierno y stewardship,Función de gobernanza,3,""Se ha establecido un modelo de GD solo en áreas específicas de la empresa o unidades de negocio, o proyectos transversales; se han especificado las actividades y aspectos de los datos a gobernar. Solo algunos procesos de GD están automatizados mediante soluciones aisladas."",2"
"AP2.3.2,G2 Gobernanza,C2.3 Gobierno y stewardship,Función de gobernanza,4,""El modelo de GD está operativo a nivel ejecutivo y está integrado en el modelo de gobierno de la empresa; la función de GD implementa modelos Agile, DataOps y DataGovOps."",3"
"AP2.3.2,G2 Gobernanza,C2.3 Gobierno y stewardship,Función de gobernanza,5,""La función de gobernanza abarca a toda la organización, incluidos los distintos niveles de Integración Vertical y Horizontal de la I4.0; en los casos necesarios, los procesos de gestión de datos y GD están automatizados mediante soluciones integradas. Se han establecido medidas para evaluar la eficacia de las actividades de GD."",4"
"AP2.3.2,G2 Gobernanza,C2.3 Gobierno y stewardship,Función de gobernanza,6,""Se utilizan técnicas estadísticas y otras técnicas cuantitativas para evaluar si las acciones de GD están cambiando el comportamiento de la organización en el sentido adecuado, y se actúa sobre la función de GD en consecuencia."",4"
"AP2.3.2,G2 Gobernanza,C2.3 Gobierno y stewardship,Función de gobernanza,7,""Se buscan las mejores prácticas y nuevas ideas para la mejora de la función de GD mediante el estudio y evaluación de modelos de GD externos y casos de uso de la industria."",5"
"AP2.3.2,G2 Gobernanza,C2.3 Gobierno y stewardship,Función de gobernanza,8,""El modelo de gobierno se comunica a las empresas del sector como ejemplo de buenas prácticas; se fomenta la colaboración entre data stewards, data scientists y data engineers."",5"
"AP2.3.2,G2 Gobernanza,C2.3 Gobierno y stewardship,Función de gobernanza,9,""Las actividades y los resultados de la gobernanza de datos se analizan periódicamente en función de los objetivos y se informan a la dirección ejecutiva."",5"
"AP2.3.2,G2 Gobernanza,C2.3 Gobierno y stewardship,Función de gobernanza,10,""Se ha establecido un proceso para evaluar y adaptar las actividades de GD a los cambios internos y del entorno que le afecten."",5"
"AP2.3.2,G2 Gobernanza,C2.3 Gobierno y stewardship,Función de gobernanza,11,""Los procesos del modelo de gobierno se perfeccionan y mejoran continuamente."",5"

"AP2.3.3,G2 Gobernanza,C2.3 Gobierno y stewardship,Políticas y estándares,1,""Se han definido políticas y estándares para las actividades que son objeto de la GD y en los aspectos específicos de los datos (calidad, seguridad, metadatos); al menos en un proyecto o proyectos aislados."",1"
"AP2.3.3,G2 Gobernanza,C2.3 Gobierno y stewardship,Políticas y estándares,2,""No se han implantado soluciones para automatizar la implantación de políticas de gobernanza y gestión de los datos."",1"
"AP2.3.3,G2 Gobernanza,C2.3 Gobierno y stewardship,Políticas y estándares,3,""Se han definido políticas y estándares para las actividades que son objeto de la GD y en los aspectos específicos de los datos (calidad, seguridad, metadatos); el proceso no está integrado en la organización; se circunscribe solo a áreas específicas de la empresa o proyectos transversales."",2"
"AP2.3.3,G2 Gobernanza,C2.3 Gobierno y stewardship,Políticas y estándares,4,""Se han implantado algunas soluciones aisladas para automatizar las políticas de gobernanza y gestión de los datos."",2"
"AP2.3.3,G2 Gobernanza,C2.3 Gobierno y stewardship,Políticas y estándares,5,""Existe un proceso para la definición de políticas y selección de estándares y la gestión de su ciclo de vida; el proceso está integrado en el conjunto de procesos estándar de la empresa e implica a toda la organización."",3"
"AP2.3.3,G2 Gobernanza,C2.3 Gobierno y stewardship,Políticas y estándares,6,""Las políticas y estándares de gobernanza y gestión de datos son coherentes con la estrategia y se definen para las actividades que son objeto de la GD y en los aspectos específicos de los datos (calidad, seguridad, metadatos)."",3"
"AP2.3.3,G2 Gobernanza,C2.3 Gobierno y stewardship,Políticas y estándares,7,""Las políticas y estándares se han documentado y han sido aprobadas por el órgano competente."",3"
"AP2.3.3,G2 Gobernanza,C2.3 Gobierno y stewardship,Políticas y estándares,8,""En la definición de las políticas y selección de estándares se ha implicado tanto a negocio como a tecnología y se han tenido en cuenta los distintos niveles de Integración Vertical y Horizontal de la I4.0."",3"
"AP2.3.3,G2 Gobernanza,C2.3 Gobierno y stewardship,Políticas y estándares,9,""Se han implantado soluciones integradas para la automatización de las políticas y el cumplimiento de estándares."",4"
"AP2.3.3,G2 Gobernanza,C2.3 Gobierno y stewardship,Políticas y estándares,10,""Se han establecido métricas para medir el cumplimiento y eficacia de las políticas y estándares."",4"
"AP2.3.3,G2 Gobernanza,C2.3 Gobierno y stewardship,Políticas y estándares,11,""Se utilizan técnicas estadísticas y otras técnicas cuantitativas para evaluar la idoneidad de las políticas y estándares y se actúa sobre el proceso en consecuencia."",4"
"AP2.3.3,G2 Gobernanza,C2.3 Gobierno y stewardship,Políticas y estándares,12,""La organización explora nuevas políticas y estándares y los alinea con los nuevos modelos arquitecturales en el entorno operacional y analítico de la I4.0."",5"
"AP2.3.3,G2 Gobernanza,C2.3 Gobierno y stewardship,Políticas y estándares,13,""La organización analiza y adopta las mejores prácticas del sector en lo que se refiere a políticas y estándares."",5"
"AP2.3.3,G2 Gobernanza,C2.3 Gobierno y stewardship,Políticas y estándares,14,""Se comparten las políticas y las mejores prácticas con otras organizaciones del sector."",5"
"AP2.3.3,G2 Gobernanza,C2.3 Gobierno y stewardship,Políticas y estándares,15,""Los procesos relacionados con esta área se analizan, refinan y mejoran constantemente."",5"

"AP3.1.1,G3 Gestión,C3.1 Clasificación y metadatos,Glosario de negocio,1,""Se definen los términos y se establece una terminología común al menos en un proyecto o proyectos aislados."",1"
"AP3.1.1,G3 Gestión,C3.1 Clasificación y metadatos,Glosario de negocio,2,""Los modelos de datos para esos proyectos se apoyan en los términos definidos."",1"
"AP3.1.1,G3 Gestión,C3.1 Clasificación y metadatos,Glosario de negocio,3,""Se ha establecido, documentado e implantado un proceso para definir, gestionar, usar y mantener el glosario de negocio, pero no está integrado en la organización; se circunscribe solo a áreas específicas de la empresa o unidades de negocio, o proyectos transversales."",2"
"AP3.1.1,G3 Gestión,C3.1 Clasificación y metadatos,Glosario de negocio,4,""El glosario de negocio está disponible, es fácilmente accesible y se da a conocer a las partes interesadas."",2"
"AP3.1.1,G3 Gestión,C3.1 Clasificación y metadatos,Glosario de negocio,5,""Cada término tiene un nombre único y solo una definición."",2"
"AP3.1.1,G3 Gestión,C3.1 Clasificación y metadatos,Glosario de negocio,6,""Las actividades de desarrollo y las de integración y consolidación de datos utilizan términos del glosario de negocio como parte del proceso de definición de requisitos de datos."",2"
"AP3.1.1,G3 Gestión,C3.1 Clasificación y metadatos,Glosario de negocio,7,""Se han implantado algunas soluciones específicas y aisladas para automatizar el glosario de negocio."",2"
"AP3.1.1,G3 Gestión,C3.1 Clasificación y metadatos,Glosario de negocio,8,""El proceso para definir, gestionar, usar y mantener el glosario de negocio está integrado en el conjunto de procesos estándar de la empresa e implica a toda la organización."",3"
"AP3.1.1,G3 Gestión,C3.1 Clasificación y metadatos,Glosario de negocio,9,""El glosario de negocio ha sido aprobado por el órgano competente."",3"
"AP3.1.1,G3 Gestión,C3.1 Clasificación y metadatos,Glosario de negocio,10,""El glosario de negocio se utiliza en todas las iniciativas de la organización relacionadas con los activos de datos."",3"
"AP3.1.1,G3 Gestión,C3.1 Clasificación y metadatos,Glosario de negocio,11,""Cualquier cambio en los términos del glosario de negocio conlleva un proceso de análisis de impacto y aprobación por los órganos competentes."",3"
"AP3.1.1,G3 Gestión,C3.1 Clasificación y metadatos,Glosario de negocio,12,""Se definen y utilizan métricas para evaluar el progreso hacia un glosario integral y completo."",4"
"AP3.1.1,G3 Gestión,C3.1 Clasificación y metadatos,Glosario de negocio,13,""En la elaboración del glosario de negocio se ha implicado tanto a la parte de negocio como a la de tecnología."",4"
"AP3.1.1,G3 Gestión,C3.1 Clasificación y metadatos,Glosario de negocio,14,""Se han implantado soluciones integradas para la gestión y automatización del glosario de negocio."",4"
"AP3.1.1,G3 Gestión,C3.1 Clasificación y metadatos,Glosario de negocio,15,""Se utilizan técnicas estadísticas y otras técnicas cuantitativas para gestionar el proceso y desarrollar informes para la alta dirección acerca de la integración del glosario de negocio."",4"
"AP3.1.1,G3 Gestión,C3.1 Clasificación y metadatos,Glosario de negocio,16,""El glosario de negocio forma parte del repositorio de metadatos de la organización y es accesible con los permisos adecuados."",5"
"AP3.1.1,G3 Gestión,C3.1 Clasificación y metadatos,Glosario de negocio,17,""El glosario de negocio utiliza términos y definiciones estándar del sector según corresponda."",5"
"AP3.1.1,G3 Gestión,C3.1 Clasificación y metadatos,Glosario de negocio,18,""El glosario de negocio se mejora de forma continua mediante la incorporación de nuevas reglas de negocio y estructuras ontológicas y es coherente en toda la organización."",5"
"AP3.1.1,G3 Gestión,C3.1 Clasificación y metadatos,Glosario de negocio,19,""Se emplean técnicas de optimización para mejorar el proceso de desarrollo de taxonomías, ontologías o representaciones semánticas basadas en el glosario de negocio."",5"
"AP3.1.1,G3 Gestión,C3.1 Clasificación y metadatos,Glosario de negocio,20,""La organización publica informes técnicos y estudios de casos que abordan la gestión eficaz de los términos del negocio."",5"

"AP3.1.2,G3 Gestión,C3.1 Clasificación y metadatos,Catálogo de datos,1,""Al menos en un proyecto se ha elaborado un catálogo con información sobre los datos y sus metadatos asociados y su correspondencia con términos de negocio y elementos físicos de datos, relativos al proyecto."",1"
"AP3.1.2,G3 Gestión,C3.1 Clasificación y metadatos,Catálogo de datos,2,""Los modelos de datos para esos proyectos se apoyan en el catálogo de datos."",1"
"AP3.1.2,G3 Gestión,C3.1 Clasificación y metadatos,Catálogo de datos,3,""Se ha establecido, documentado e implantado un proceso para definir, gestionar, usar y mantener un catálogo de datos, pero no está integrado en la organización; se circunscribe sólo a áreas específicas de la empresa o unidades de negocio, o proyectos transversales."",2"
"AP3.1.2,G3 Gestión,C3.1 Clasificación y metadatos,Catálogo de datos,4,""El proceso no está integrado en la organización; se circunscribe solo a áreas específicas de la empresa o unidades de negocio, o proyectos transversales."",2"
"AP3.1.2,G3 Gestión,C3.1 Clasificación y metadatos,Catálogo de datos,5,""El catálogo de datos está disponible, es fácilmente accesible y se da a conocer a las partes interesadas."",2"
"AP3.1.2,G3 Gestión,C3.1 Clasificación y metadatos,Catálogo de datos,6,""Las actividades de desarrollo y las de integración y consolidación de datos utilizan el catálogo de datos disponible como parte del proceso de definición de requisitos de datos."",2"
"AP3.1.2,G3 Gestión,C3.1 Clasificación y metadatos,Catálogo de datos,7,""Se han implantado algunas soluciones específicas y aisladas para automatizar el catálogo de datos."",2"
"AP3.1.2,G3 Gestión,C3.1 Clasificación y metadatos,Catálogo de datos,8,""El proceso para definir, gestionar, usar y mantener el catálogo de datos está integrado en el conjunto de procesos estándar de la empresa e implica a toda la organización."",3"
"AP3.1.2,G3 Gestión,C3.1 Clasificación y metadatos,Catálogo de datos,9,""El catálogo de datos ha sido aprobado por el órgano competente."",3"
"AP3.1.2,G3 Gestión,C3.1 Clasificación y metadatos,Catálogo de datos,10,""El catálogo de datos se utiliza en todas las iniciativas de la organización relacionadas con los activos de datos."",3"
"AP3.1.2,G3 Gestión,C3.1 Clasificación y metadatos,Catálogo de datos,11,""Antes de implementar cualquier cambio en los artefactos de datos y/o sus metadatos, se lleva a cabo un proceso de análisis de impacto y aprobación por los órganos competentes."",3"
"AP3.1.2,G3 Gestión,C3.1 Clasificación y metadatos,Catálogo de datos,12,""Se definen y utilizan métricas para evaluar el progreso hacia un catálogo de datos integral y completo."",4"
"AP3.1.2,G3 Gestión,C3.1 Clasificación y metadatos,Catálogo de datos,13,""En la elaboración del catálogo de datos se ha implicado tanto a la parte de negocio como a la de tecnología y se han tenido en cuenta los distintos niveles de Integración Vertical y Horizontal de la I4.0."",4"
"AP3.1.2,G3 Gestión,C3.1 Clasificación y metadatos,Catálogo de datos,14,""El catálogo de datos está disponible, es fácilmente accesible y se da a conocer a las partes interesadas."",4"
"AP3.1.2,G3 Gestión,C3.1 Clasificación y metadatos,Catálogo de datos,15,""Se han adoptado estándares para la definición e implantación del catálogo de datos."",4"
"AP3.1.2,G3 Gestión,C3.1 Clasificación y metadatos,Catálogo de datos,16,""El catálogo de datos se mejora de forma continuada y es coherente en toda la organización."",5"
"AP3.1.2,G3 Gestión,C3.1 Clasificación y metadatos,Catálogo de datos,17,""Se emplean técnicas de optimización para mejorar el proceso de desarrollo, implantación y gestión del catálogo de datos."",5"
"AP3.1.2,G3 Gestión,C3.1 Clasificación y metadatos,Catálogo de datos,18,""La organización publica informes técnicos y estudios de casos que abordan la definición y gestión eficaz del catálogo de datos."",5"

"AP3.1.3,G3 Gestión,C3.1 Clasificación y metadatos,Gestión de Metadatos,1,""Se lleva a cabo una gestión de metadatos que, bajo las directrices y supervisión de la GD, establece las bases para diseñar, planificar, implementar y gestionar un repositorio de metadatos que permita describir completamente los activos de datos de la organización, abordando la semántica de los datos, su representación y el registro de las descripciones de elementos de datos."",1"
"AP3.1.3,G3 Gestión,C3.1 Clasificación y metadatos,Gestión de Metadatos,2,""Existe información sobre los activos de datos en forma de metadatos en diferentes ubicaciones y para diferentes propósitos."",1"
"AP3.1.3,G3 Gestión,C3.1 Clasificación y metadatos,Gestión de Metadatos,3,""Los metadatos existentes se han documentado y almacenado y son accesibles."",1"
"AP3.1.3,G3 Gestión,C3.1 Clasificación y metadatos,Gestión de Metadatos,4,""No se han implantado soluciones para automatizar la gestión de metadatos."",1"
"AP3.1.3,G3 Gestión,C3.1 Clasificación y metadatos,Gestión de Metadatos,5,""Se ha definido, documentado e implantado un proceso para la gestión de los metadatos a lo largo de su ciclo de vida."",2"
"AP3.1.3,G3 Gestión,C3.1 Clasificación y metadatos,Gestión de Metadatos,6,""Se capturan metadatos de negocio, técnicos y operativos en un repositorio de metadatos."",2"
"AP3.1.3,G3 Gestión,C3.1 Clasificación y metadatos,Gestión de Metadatos,7,""El repositorio de metadatos recoge las interdependencias entre los datos y toda la información necesaria para conocer la trazabilidad del dato y poder establecer el 'data lineage'."",2"
"AP3.1.3,G3 Gestión,C3.1 Clasificación y metadatos,Gestión de Metadatos,8,""Se utilizan los metadatos para realizar el análisis de impacto previo a cualquier cambio en los datos."",2"
"AP3.1.3,G3 Gestión,C3.1 Clasificación y metadatos,Gestión de Metadatos,9,""Se establecen categorías y clasificación de los metadatos y se aplican estándares."",2"
"AP3.1.3,G3 Gestión,C3.1 Clasificación y metadatos,Gestión de Metadatos,10,""Se han implantado algunas soluciones específicas y aisladas para automatizar la gestión de metadatos."",3"
"AP3.1.3,G3 Gestión,C3.1 Clasificación y metadatos,Gestión de Metadatos,11,""Se ha establecido un plan para la gestión de metadatos a nivel organizacional que incluye objetivos, estrategias, roles y responsabilidades."",3"
"AP3.1.3,G3 Gestión,C3.1 Clasificación y metadatos,Gestión de Metadatos,12,""El repositorio de metadatos se enriquece y mejora con nuevas categorías y clasificaciones, al tiempo que se vincula con los distintos niveles de la arquitectura de datos (enterprise logical data model, logical y physical data models, database schemas, etc.)."",3"
"AP3.1.3,G3 Gestión,C3.1 Clasificación y metadatos,Gestión de Metadatos,13,""Se han definido métricas para evaluar la consecución de los objetivos relacionados con los metadatos."",4"
"AP3.1.3,G3 Gestión,C3.1 Clasificación y metadatos,Gestión de Metadatos,14,""Tanto los metadatos como los cambios sobre los mismos se validan en relación a la arquitectura de la plataforma de datos vigente."",3"
"AP3.1.3,G3 Gestión,C3.1 Clasificación y metadatos,Gestión de Metadatos,15,""Se han implantado algunos modelos federados de gestión de metadatos para facilitar la interoperabilidad entre sistemas, lo que supone que la organización dispone de un metamodelo integrado."",4"
"AP3.1.3,G3 Gestión,C3.1 Clasificación y metadatos,Gestión de Metadatos,16,""Los tipos de metadatos y las definiciones de datos permiten llevar a cabo actividades de importación, suscripción y consumo de datos de forma coherente."",4"
"AP3.1.3,G3 Gestión,C3.1 Clasificación y metadatos,Gestión de Metadatos,17,""El repositorio de metadatos admite estándares para el intercambio de datos (v.g. XML, XBRL)."",4"
"AP3.1.3,G3 Gestión,C3.1 Clasificación y metadatos,Gestión de Metadatos,18,""Se definen métricas y existe información histórica sobre metadatos y ambas se usan para decidir nuevas actividades de gestión de metadatos."",4"
"AP3.1.3,G3 Gestión,C3.1 Clasificación y metadatos,Gestión de Metadatos,19,""Se llevan a cabo análisis causa-efecto para analizar y reducir las divergencias entre la información contenida en el repositorio de metadatos y los datos que éste describe."",5"
"AP3.1.3,G3 Gestión,C3.1 Clasificación y metadatos,Gestión de Metadatos,20,""Se establecen objetivos cuantitativos de mejora de metadatos."",5"
"AP3.1.3,G3 Gestión,C3.1 Clasificación y metadatos,Gestión de Metadatos,21,""Los procesos relacionados con esta área se analizan, refinan y mejoran constantemente. Para ello se utilizan modelos predictivos del rendimiento."",5"

"AP3.2.1,G3 Gestión,C3.2 Calidad de los datos,Plan de calidad de los datos,1,""Se han definido los atributos de los datos (dimensiones) por los que se medirá su calidad en, al menos, un proyecto."",1"
"AP3.2.1,G3 Gestión,C3.2 Calidad de los datos,Plan de calidad de los datos,2,""Se ha elaborado un plan de calidad de los datos que incluye objetivos y estrategias; el proceso no está integrado en la organización y se circunscribe solo a áreas específicas de la empresa o unidades de negocio."",2"
"AP3.2.1,G3 Gestión,C3.2 Calidad de los datos,Plan de calidad de los datos,3,""Los objetivos de calidad están alineados con los objetivos de la unidad de negocio o del proyecto; en la elaboración del plan participan las partes interesadas de la unidad de negocio."",2"
"AP3.2.1,G3 Gestión,C3.2 Calidad de los datos,Plan de calidad de los datos,4,""Se han establecido políticas, procesos y directrices para garantizar la implantación del plan."",2"
"AP3.2.1,G3 Gestión,C3.2 Calidad de los datos,Plan de calidad de los datos,5,""Se utiliza un sistema de métricas para evaluar el logro de los objetivos."",2"
"AP3.2.1,G3 Gestión,C3.2 Calidad de los datos,Plan de calidad de los datos,6,""Existe un proceso de planificación de calidad de datos integrado en los procesos estándar de la empresa e involucra a toda la organización."",3"
"AP3.2.1,G3 Gestión,C3.2 Calidad de los datos,Plan de calidad de los datos,7,""El proceso incluye determinar el coste-beneficio de la implantación de la estrategia de calidad de los datos."",3"
"AP3.2.1,G3 Gestión,C3.2 Calidad de los datos,Plan de calidad de los datos,8,""La estrategia de calidad de los datos se implanta en toda la organización mediante políticas, estándares y procesos a lo largo del CVD."",3"
"AP3.2.1,G3 Gestión,C3.2 Calidad de los datos,Plan de calidad de los datos,9,""Se establecen roles y responsabilidades sobre la calidad de los datos."",3"
"AP3.2.1,G3 Gestión,C3.2 Calidad de los datos,Plan de calidad de los datos,10,""Se hace uso de tecnologías escalables de automatización, de aprendizaje automático e inteligencia artificial para la evaluación y validación automática, continua y en tiempo real de la calidad de los datos en cada fase del CVD."",4"
"AP3.2.1,G3 Gestión,C3.2 Calidad de los datos,Plan de calidad de los datos,11,""Se supervisa y controla la implantación del plan y el logro de los objetivos y se actúa en consecuencia."",4"
"AP3.2.1,G3 Gestión,C3.2 Calidad de los datos,Plan de calidad de los datos,12,""Los cambios en la estrategia de calidad se basan en el análisis de las métricas de calidad."",4"
"AP3.2.1,G3 Gestión,C3.2 Calidad de los datos,Plan de calidad de los datos,13,""Las acciones para prevenir o corregir problemas de calidad de los datos se priorizan en función de un análisis coste-beneficio."",4"
"AP3.2.1,G3 Gestión,C3.2 Calidad de los datos,Plan de calidad de los datos,14,""Continuamente se recaban de las partes interesadas las necesidades de mejora de la calidad de los datos e incorporan al plan de calidad; se mide y monitoriza su implantación."",5"
"AP3.2.1,G3 Gestión,C3.2 Calidad de los datos,Plan de calidad de los datos,15,""Se mide y monitoriza el rendimiento de las políticas, procesos y directrices relacionadas con la calidad de los datos y se actúa en consecuencia."",5"
"AP3.2.1,G3 Gestión,C3.2 Calidad de los datos,Plan de calidad de los datos,16,""Se analizan las métricas de calidad y se establece un plan de mejora continua de la calidad de los datos."",5"
"AP3.2.1,G3 Gestión,C3.2 Calidad de los datos,Plan de calidad de los datos,17,""La organización analiza y adopta las mejores prácticas para la mejora de la calidad de los datos y fomenta el intercambio de conocimientos con otras empresas del sector."",5"

"AP3.3.1,G3 Gestión,C3.3 Seguridad, Privacidad y Riesgos de los Datos,Seguridad, Privacidad y Riesgos de los Datos,1,""La seguridad de los datos se define e implementa ad hoc, principalmente a nivel de proyecto."",1"
"AP3.3.1,G3 Gestión,C3.3 Seguridad, Privacidad y Riesgos de los Datos,Seguridad, Privacidad y Riesgos de los Datos,2,""La actuación sobre los procesos relacionados con la seguridad de los datos es principalmente reactiva."",1"
"AP3.3.1,G3 Gestión,C3.3 Seguridad, Privacidad y Riesgos de los Datos,Seguridad, Privacidad y Riesgos de los Datos,3,""Existen algunas soluciones para automatizar y respaldar la seguridad de los datos, pero son escasas y limitadas a proyectos."",1"
"AP3.3.1,G3 Gestión,C3.3 Seguridad, Privacidad y Riesgos de los Datos,Seguridad, Privacidad y Riesgos de los Datos,4,""Se elabora un plan de seguridad de los datos que incluye objetivos y estrategias que se circunscribe sólo a áreas específicas de la empresa o unidades de negocio, o proyectos transversales."",2"
"AP3.3.1,G3 Gestión,C3.3 Seguridad, Privacidad y Riesgos de los Datos,Seguridad, Privacidad y Riesgos de los Datos,5,""Los objetivos de seguridad están alineados con los objetivos de la unidad de negocio o del proyecto."",2"
"AP3.3.1,G3 Gestión,C3.3 Seguridad, Privacidad y Riesgos de los Datos,Seguridad, Privacidad y Riesgos de los Datos,6,""En la elaboración del plan participan las partes interesadas de la unidad de negocios (o proyecto transversal)."",2"
"AP3.3.1,G3 Gestión,C3.3 Seguridad, Privacidad y Riesgos de los Datos,Seguridad, Privacidad y Riesgos de los Datos,7,""Se han establecido políticas, procesos y directrices para garantizar la implantación del plan."",2"
"AP3.3.1,G3 Gestión,C3.3 Seguridad, Privacidad y Riesgos de los Datos,Seguridad, Privacidad y Riesgos de los Datos,8,""Se utilizan métricas para evaluar el logro de los objetivos de seguridad."",2"
"AP3.3.1,G3 Gestión,C3.3 Seguridad, Privacidad y Riesgos de los Datos,Seguridad, Privacidad y Riesgos de los Datos,9,""La seguridad se aplica parcialmente a través de la integración horizontal y vertical de I4.0."",2"
"AP3.3.1,G3 Gestión,C3.3 Seguridad, Privacidad y Riesgos de los Datos,Seguridad, Privacidad y Riesgos de los Datos,10,""Las funciones más críticas relacionadas con la seguridad de los datos están automatizadas a través de soluciones específicas y aisladas."",2"
"AP3.3.1,G3 Gestión,C3.3 Seguridad, Privacidad y Riesgos de los Datos,Seguridad, Privacidad y Riesgos de los Datos,11,""Se ha definido e implantado un sistema de gestión de la seguridad de los datos que implica a toda la organización y que se implanta mediante políticas, estándares y procesos a lo largo del CVD."",3"
"AP3.3.1,G3 Gestión,C3.3 Seguridad, Privacidad y Riesgos de los Datos,Seguridad, Privacidad y Riesgos de los Datos,12,""El sistema de seguridad tiene en consideración la distribución de los datos y las características específicas de los distintos niveles de Integración Vertical y Horizontal de la I4.0."",3"
"AP3.3.1,G3 Gestión,C3.3 Seguridad, Privacidad y Riesgos de los Datos,Seguridad, Privacidad y Riesgos de los Datos,13,""Se establecen roles y responsabilidades sobre la seguridad de los datos."",3"
"AP3.3.1,G3 Gestión,C3.3 Seguridad, Privacidad y Riesgos de los Datos,Seguridad, Privacidad y Riesgos de los Datos,14,""Se han definido e implantado métricas sobre el desempeño de los procesos relacionados con la seguridad."",4"
"AP3.3.1,G3 Gestión,C3.3 Seguridad, Privacidad y Riesgos de los Datos,Seguridad, Privacidad y Riesgos de los Datos,15,""Se mide y monitoriza el rendimiento de las políticas, procesos y directrices relacionadas con la seguridad de los datos y se actúa en consecuencia."",4"
"AP3.3.1,G3 Gestión,C3.3 Seguridad, Privacidad y Riesgos de los Datos,Seguridad, Privacidad y Riesgos de los Datos,16,""Se optimiza el rendimiento de los procesos relacionados con la seguridad de los datos a partir del análisis de las métricas establecidas en el nivel anterior."",5"
"AP3.3.1,G3 Gestión,C3.3 Seguridad, Privacidad y Riesgos de los Datos,Seguridad, Privacidad y Riesgos de los Datos,17,""Se comparten las mejores prácticas en seguridad con otras organizaciones del sector."",5"

"AP3.4.1,G3 Gestión,C3.4 Ciclo de vida del dato (CVD),Planificación y diseño de la arquitectura de datos,1,""Existe una arquitectura de datos que alinea los requisitos del negocio y de la GD con el ciclo de vida del dato (CVD) en, al menos, un proyecto."",1"
"AP3.4.1,G3 Gestión,C3.4 Ciclo de vida del dato (CVD),Planificación y diseño de la arquitectura de datos,2,""Las partes interesadas del negocio y de IT están identificadas e involucradas en las decisiones de arquitectura."",1"
"AP3.4.1,G3 Gestión,C3.4 Ciclo de vida del dato (CVD),Planificación y diseño de la arquitectura de datos,3,""Se establecen las capacidades y requisitos necesarios para su implantación."",1"
"AP3.4.1,G3 Gestión,C3.4 Ciclo de vida del dato (CVD),Planificación y diseño de la arquitectura de datos,4,""Se define y ejecuta un proceso para supervisar que los proyectos se ajustan a la arquitectura de datos."",1"
"AP3.4.1,G3 Gestión,C3.4 Ciclo de vida del dato (CVD),Planificación y diseño de la arquitectura de datos,5,""La arquitectura de datos está alineada y ayuda a la implementación de la estrategia de GD."",2"
"AP3.4.1,G3 Gestión,C3.4 Ciclo de vida del dato (CVD),Planificación y diseño de la arquitectura de datos,6,""Los administradores de datos (data stewards) y los arquitectos de datos trabajan conjuntamente para definir las entidades de datos y el modelo de datos de la empresa."",2"
"AP3.4.1,G3 Gestión,C3.4 Ciclo de vida del dato (CVD),Planificación y diseño de la arquitectura de datos,7,""La arquitectura de datos se sigue en toda la organización y tiene en cuenta el intercambio y la compartición de datos a lo largo de todos los niveles de Integración Vertical y Horizontal de la I4.0, tanto dentro como fuera de la empresa."",3"
"AP3.4.1,G3 Gestión,C3.4 Ciclo de vida del dato (CVD),Planificación y diseño de la arquitectura de datos,8,""La arquitectura de datos se desarrolla en colaboración y se aprueba conjuntamente por las unidades de negocio, IT y GD."",3"
"AP3.4.1,G3 Gestión,C3.4 Ciclo de vida del dato (CVD),Planificación y diseño de la arquitectura de datos,9,""La arquitectura tiene en cuenta los requisitos para el movimiento y la integración de datos, su calidad y seguridad."",3"
"AP3.4.1,G3 Gestión,C3.4 Ciclo de vida del dato (CVD),Planificación y diseño de la arquitectura de datos,10,""La organización crea y mantiene métricas para evaluar el progreso en la transición hacia la nueva arquitectura."",4"
"AP3.4.1,G3 Gestión,C3.4 Ciclo de vida del dato (CVD),Planificación y diseño de la arquitectura de datos,11,""Se utilizan métricas sobre el rendimiento de los componentes de la arquitectura para tomar decisiones y evaluar si se están cumpliendo los objetivos de negocio y de GD."",4"
"AP3.4.1,G3 Gestión,C3.4 Ciclo de vida del dato (CVD),Planificación y diseño de la arquitectura de datos,12,""Cuando se producen cambios en la arquitectura, se evalúan los procesos de analítica de datos y los modelos predictivos y se ajustan según sea necesario."",5"
"AP3.4.1,G3 Gestión,C3.4 Ciclo de vida del dato (CVD),Planificación y diseño de la arquitectura de datos,13,""La organización comparte sus conocimientos sobre arquitectura de datos con otros profesionales y organizaciones."",5"

"AP3.4.2,G3 Gestión,C3.4 Ciclo de vida del dato (CVD),Actividades del CVD,1,""Se define y se gestiona el CVD en, al menos, un proceso de negocio."",1"
"AP3.4.2,G3 Gestión,C3.4 Ciclo de vida del dato (CVD),Actividades del CVD,2,""Se determinan las interrelaciones y dependencias entre los datos desde su creación o captura y a lo largo del CVD, identificando a productores y consumidores de datos."",1"
"AP3.4.2,G3 Gestión,C3.4 Ciclo de vida del dato (CVD),Actividades del CVD,3,""Se ha definido el propósito y fuentes autorizadas para al menos una entidad o conjunto de datos relevante para la organización."",1"
"AP3.4.2,G3 Gestión,C3.4 Ciclo de vida del dato (CVD),Actividades del CVD,4,""Se alinean los requisitos y relaciones de los datos entre los productores y los consumidores de los mismos."",2"
"AP3.4.2,G3 Gestión,C3.4 Ciclo de vida del dato (CVD),Actividades del CVD,5,""Se establecen acuerdos de compartición de datos en los procesos de negocio, de forma que se estipulen las responsabilidades y el uso aceptable de los datos que se comparten en todos los niveles de integración de la I4.0, tanto dentro como fuera de la organización (v.g. Data Sharing Agreements y Self-Aware Contracts)."",2"
"AP3.4.2,G3 Gestión,C3.4 Ciclo de vida del dato (CVD),Actividades del CVD,6,""Se establecen políticas y procesos para la gestión de fuentes de datos autorizadas."",2"
"AP3.4.2,G3 Gestión,C3.4 Ciclo de vida del dato (CVD),Actividades del CVD,7,""Se definen políticas sobre almacenamiento de datos en los distintos niveles de Integración Vertical y Horizontal de la I4.0 y principalmente en el Edge, debido a su complejidad técnica."",2"
"AP3.4.2,G3 Gestión,C3.4 Ciclo de vida del dato (CVD),Actividades del CVD,8,""En los procesos de transformación de los datos se deben tener en cuenta los distintos niveles de Integración Vertical y Horizontal de la I4.0 (v.g. selección y filtrado de datos en el Edge)."",2"
"AP3.4.2,G3 Gestión,C3.4 Ciclo de vida del dato (CVD),Actividades del CVD,9,""Existen procesos para la gestión del CVD que son administrados y supervisados por los órganos de GD."",3"
"AP3.4.2,G3 Gestión,C3.4 Ciclo de vida del dato (CVD),Actividades del CVD,10,""Se establecen y mantienen procesos de gestión del cambio en todo el CVD."",3"
"AP3.4.2,G3 Gestión,C3.4 Ciclo de vida del dato (CVD),Actividades del CVD,11,""Los órganos de GD revisan y aprueban la incorporación de nuevas fuentes de datos autorizadas."",3"
"AP3.4.2,G3 Gestión,C3.4 Ciclo de vida del dato (CVD),Actividades del CVD,12,""Se aplican estándares (v.g. International Data Spaces - IDS) que permiten facilitar el intercambio y compartición de datos a lo largo del CVD para todos los niveles de integración de la I4.0 dentro y fuera de la empresa."",3"
"AP3.4.2,G3 Gestión,C3.4 Ciclo de vida del dato (CVD),Actividades del CVD,13,""Se evalúa la criticidad de los datos que llegan de los sistemas ciberfísicos."",3"
